Country,Serial Number
Bangladesh,81432123012
Bangladesh,81432123017
Bangladesh,81432123032
Bangladesh,81432124030
Bangladesh,81432124031
Bangladesh,81432124034
Bangladesh,81432130001
Bangladesh,81432130011
Bangladesh,81432130014
Bangladesh,81432130015
Bangladesh,81432130017
Bangladesh,81432130019
Bangladesh,81432130021
Bangladesh,81432130025
Bangladesh,81432130026
Bangladesh,81432130028
Bangladesh,81432130029
Bangladesh,81432130031
Bangladesh,81432130033
Bangladesh,81432130034
Bangladesh,81432130035
Bangladesh,81432130036
Bangladesh,81432130041
Bangladesh,81432130042
Bangladesh,81432130043
Bangladesh,81432150001
Bangladesh,81432150006
Bangladesh,81432150009
Bangladesh,81432150012
Bangladesh,81432150013
Bangladesh,81432150017
Bangladesh,81432151001
Bangladesh,81432151002
Bangladesh,81432151004
Bangladesh,81432151005
Bangladesh,81432151006
Bangladesh,81432151008
Bangladesh,81432151009
Bangladesh,81432151010
Bangladesh,81432151014
Bangladesh,81432151016
Bangladesh,81432151017
Bangladesh,81432151018
Bangladesh,81432151019
Bangladesh,81432151020
Bangladesh,81432151022
Bangladesh,81432151024
Bangladesh,81432151025
Bangladesh,81432151041
Bangladesh,81432151043
Bangladesh,81432151044
Bangladesh,81432151045
Bangladesh,81432151048
Bangladesh,81432151051
Bangladesh,81432151055
Bangladesh,81432151057
Bangladesh,81432151062
Bangladesh,81432151066
Bangladesh,81432151069
Bangladesh,81432151070
Bangladesh,81432151072
Bangladesh,81432151074
Bangladesh,81432152004
Bangladesh,81432152006
Bangladesh,81432152008
Bangladesh,81432152009
Bangladesh,81432152012
Bangladesh,81432152014
Bangladesh,81432152016
Bangladesh,81432152017
Bangladesh,81432152018
Bangladesh,81432152022
Bangladesh,81432152026
Bangladesh,81432152029
Bangladesh,81432152032
Bangladesh,81432152025
Bhutan,81432122018
Bhutan,81432123007
Bhutan,81432123009
Bhutan,81432123028
Bhutan,81432124001
Bhutan,81432124039
Duke,81432039050
Duke,81432039053
Duke,81432039072
Duke,81432039074
India,81432130003
India,81432130004
India,81432130005
India,81432130008
India,81432130010
India,81432131001
India,81432131002
India,81432131003
India,81432131004
India,81432131005
India,81432131006
India,81432131007
India,81432131009
India,81432131010
India,81432131011
India,81432131012
India,81432131013
India,81432131014
India,81432131015
India,81432131016
India,81432144006
India,81432144007
India,81432144008
India,81432144009
India,81432144014
India,81432144015
India,81432144016
India,81432144017
India,81432144019
India,81432144020
India,81432144021
India,81432144022
India,81432144023
India,81432144024
India,81432144025
India,81432144026
India,81432144027
India,81432144030
India,81432144031
India,81432147001
India,81432147004
India,81432147008
India,81432147023
India,81432147025
India,81432147033
India,81432147034
India,81432147035
India,81432147036
India,81432147037
India,81432147038
India,81432147039
India,81432147040
India,81432147041
India,81432147043
India,81432147044
India,81432147045
India,81432147046
India,81432147047
India,81432147048
India,81432147049
India,81432147050
India,81432147051
India,81432147053
India,81432147054
India,81432147055
India,81432147056
India,81432147057
India,81432147060
India,81432147061
India,81432147062
India,81432147064
India,81432147065
India,81432147068
India,81432147069
India,81432147070
India,81432147072
India,81432147076
Maldives,81432118004
Maldives,81432118037
Maldives,81432122021
Maldives,81432122023
Maldives,81432123002
Maldives,81432123035
Maldives,81432153009
Maldives,81432153011
Maldives,81432153014
Maldives,81432153016
Maldives,81432153017
Maldives,81432153019
Maldives,81432153022
Maldives,81432202001
Maldives,81432202002
Maldives,81432202003
Maldives,81432202013
Maldives,81432202029
Maldives,81432202030
Maldives,81432202031
Nepal,81432123003
Nepal,81432123027
Nepal,81432123034
Nepal,81432124008
Nepal,81432124025
Nepal,81432124044
Nepal,81432144013
Nepal,81432144018
Nepal,81432144034
Nepal,81432144037
Nepal,81432145003
Nepal,81432145004
Nepal,81432145006
Nepal,81432145007
Nepal,81432145009
Nepal,81432145010
Nepal,81432145011
Nepal,81432145012
Nepal,81432145014
Nepal,81432145015
Nepal,81432145016
Nepal,81432146002
Nepal,81432146004
Nepal,81432146005
Nepal,81432146007
Nepal,81432146008
Nepal,81432146009
Nepal,81432146018
Nepal,81432146021
Nepal,81432146022
Nepal,81432146026
Nepal,81432146039
Nepal,81432146040
Nepal,81432146041
Nepal,81432146042
Nepal,81432146043
Nepal,81432146044
Nepal,81432146045
Nepal,81432146046
Nepal,81432146048
Nepal,81432146049
Nepal,81432146050
Nepal,81432146051
Nepal,81432146052
Nepal,81432146056
Nepal,81432146058
Nepal,81432147007
Nepal,81432147020
Nepal,81432147021
Nepal,81432147025
Nepal,81432147027
Nepal,81432147031
Nepal,81432147032
Nepal,81432147052
Nepal,81432147058
Nepal,81432147059
Nepal,81432147066
Nepal,81432147067
Nepal,81432147073
Nepal,81432147074
Nepal,81432147075
Nepal,81432147077
Nepal,81432147078
Nepal,81432147079
Pakistan,81432203007
Pakistan,81432130002
Pakistan,81432130012
Pakistan,81432130013
Pakistan,81432130037
Pakistan,81432130038
Pakistan,81432130040
Pakistan,81432153008
Pakistan,81432153012
Pakistan,81432153013
Pakistan,81432153015
Pakistan,81432153020
Pakistan,81432153021
Pakistan,81432202004
Pakistan,81432202005
Pakistan,81432202006
Pakistan,81432202007
Pakistan,81432202008
Pakistan,81432202009
Pakistan,81432202010
Pakistan,81432202011
Pakistan,81432202012
Pakistan,81432202014
Pakistan,81432202015
Pakistan,81432202016
Pakistan,81432202017
Pakistan,81432202018
Pakistan,81432202019
Pakistan,81432202020
Pakistan,81432202022
Pakistan,81432202024
Pakistan,81432202025
Pakistan,81432202027
Pakistan,81432202028
Pakistan,81432202033
Pakistan,81432202034
Pakistan,81432202035
Pakistan,81432202036
Pakistan,81432202037
Pakistan,81432202038
Pakistan,81432202039
Pakistan,81432202040
Pakistan,81432202041
Pakistan,81432202042
Pakistan,81432202043
Pakistan,81432202044
Pakistan,81432202045
Pakistan,81432202046
Pakistan,81432202047
Pakistan,81432202048
Pakistan,81432203001
Pakistan,81432203002
Pakistan,81432203003
Pakistan,81432203004
Pakistan,81432203005
Pakistan,81432203006
Pakistan,81432203007
Pakistan,81432203008
Pakistan,81432203009
Pakistan,81432203010
Pakistan,81432203011
Pakistan,81432203012
Sri Lanka,81432123026
Sri Lanka,81432124006
Sri Lanka,81432124020
Sri Lanka,81432124020
Sri Lanka,81432124021
Sri Lanka,81432124021
Sri Lanka,81432124023
Sri Lanka,81432124045
Sri Lanka,81432124045
Sri Lanka,81432130020
Sri Lanka,81432130022
Sri Lanka,81432130022
Sri Lanka,81432130024
Sri Lanka,81432130027
Sri Lanka,81432130030
Sri Lanka,81432130032